Sentence,Topic
"Dogs are known as man's best friend.","Dogs"
"My dog loves playing fetch in the backyard","Dogs"
"Some dogs are trained to assist people with disabilities","Dogs"
"Labrador Retrievers are popular for their friendly demeanor","Dogs"
"Puppies require a lot of attention and care","Dogs"
"Walking my dog is a daily routine I enjoy","Dogs"
"Dog parks provide a great opportunity for socialization","Dogs"
"Dog owners should be responsible for cleaning up after their pets","Dogs"
"Training a dog requires patience and consistency","Dogs"
"Dog grooming is an important part of pet care","Dogs"
"Adopting a rescue dog can be a rewarding experience","Dogs"
"Dog training classes help improve obedience and behavior.","Dogs"
"Dog breeds vary widely in size, temperament, and energy levels","Dogs"
"Football, or soccer, is the most popular sport worldwide.","Football"
"Lionel Messi is considered one of the greatest footballers of all time","Football"
"Watching a live football match at the stadium is exhilarating.","Football"
"The World Cup is held every four years and attracts millions of viewers.","Football"
"Football players often have rigorous training schedules.","Football"
"Football fans are known for their passion and loyalty to their teams.","Football"
"Scoring a goal in football is a thrilling moment for players and fans.","Football"
"Penalty shootouts are often nerve-wracking for players and fans alike.","Football"
"Coaching youth football teams requires patience and dedication.","Football"
"Football clubs invest heavily in scouting young talent.","Football"
"VAR (Video Assistant Referee) has been introduced to minimize controversial decisions.",Football
"Football jerseys are often collectibles for avid fans.","Football"
"The Premier League in England is known for its competitive nature.","Football"
"Football managers play a crucial role in strategizing and motivating players.","Football"
"Italian cuisine is renowned for its pasta and pizza dishes","Cuisine"
"Japanese sushi is a popular choice for a healthy meal.","Cuisine"
"Mexican food is known for its bold flavors and use of spices.","Cuisine"
"Indian curries are a staple in many households around the world.","Cuisine"
"French pastries are loved for their delicate textures and rich flavors.","Cuisine"
"Mediterranean diets are praised for their health benefits.","Cuisine"
"Mastering knife skills is essential for efficient cooking.","Cuisine"
"Food presentation is an important aspect of fine dining.","Cuisine"
"Food bloggers often share recipes and cooking tips online.","Cuisine"
"Vegetarian cooking involves creative use of vegetables and grains.","Cuisine"
"Food festivals showcase a variety of culinary delights.","Cuisine"
"Farm-to-table restaurants focus on using locally sourced ingredients.","Cuisine"
"Street food vendors offer quick and tasty meals to passersby.","Cuisine"
"Pastry chefs are skilled in creating intricate and delicious desserts.","Cuisine"
"Traveling allows me to explore different cultures and traditions.","Travel"
"Visiting historical landmarks gives me a sense of connection to the past.","Travel"
"Trying new foods is one of the highlights of traveling.","Travel"
"Meeting locals helps me gain insight into the community and lifestyle.","Travel"
"Backpacking through Europe is a popular adventure for young travelers.","Travel"
"Traveling solo can be a liberating and empowering experience.","Travel"
"Tourist attractions often draw large crowds during peak seasons.","Travel"
"Travel photography captures the beauty and essence of a destination.","Travel"
"Traveling by train offers a scenic and relaxing way to explore.","Travel"
"Cruise vacations offer relaxation and entertainment onboard.","Travel"
"Staying in hostels is a budget-friendly option for accommodation.","Travel"
"Sustainable travel practices help minimize environmental impact.","Travel"
"Road trips offer freedom to explore off-the-beaten-path destinations.","Travel"
"Learning basic phrases in the local language enhances travel experiences.","Travel"
"Smartphones have revolutionized communication and connectivity.","Technology"
"Social media platforms allow users to connect and share content online.","Technology"
"Artificial intelligence is transforming industries and everyday life.","Technology"
"Virtual reality allows immersive experiences in gaming and education.","Technology"
"Cloud computing enables access to data and applications from anywhere.","Technology"
"Blockchain technology provides secure and transparent transactions.","Technology"
"Machine learning algorithms analyze data to make predictions and decisions.","Technology"
"3D printing enables rapid prototyping and customized manufacturing.","Technology"
"Coding skills are increasingly valuable in today's digital economy.","Technology"
"3D printing enables rapid prototyping and customized manufacturing.","Technology"
"Streaming services have changed how we consume entertainment.","Technology"
"The Internet of Things connects devices for smarter home automation.","Technology"
"Cybersecurity is essential to protect personal data online.","Technology"
"Wearable technology tracks fitness metrics and health indicators","Technology"
"Self-driving cars use sensors and algorithms to navigate roads safely.","Technology"
"Watching movies is a popular form of entertainment worldwide.","Movies"
"Action movies often feature high-intensity sequences and special effects.","Movies"
"Romantic comedies are known for their lighthearted and feel-good plots.","Movies"
"Science fiction films explore futuristic concepts and alternate realities.","Movies"
"Animated movies appeal to audiences of all ages with colorful visuals.","Movies"
"Watching movies in theaters offers a cinematic experience with surround sound.","Movies"
"Movie soundtracks enhance the emotional impact of key scenes.","Movies"
"Film festivals showcase independent and international films.","Movies"
"Movie reviews provide insights and recommendations for viewers.","Movies"
"Actors and actresses bring characters to life through their performances.","Movies"
"Movie directors oversee the creative vision and execution of a film.","Movies"
"Costume designers create outfits that reflect the characters' personalities.","Movies"
"Special effects artists use CGI and practical effects to enhance movie scenes.","Movies"
"Movie trailers offer a preview of upcoming releases to generate interest.","Movies"
"Reading books allows me to escape into different worlds and perspectives.","Books"
"Non-fiction books provide knowledge and insights on various topics.","Books"
"Science fiction novels explore imaginative concepts and futuristic scenarios.","Books"
"Mystery novels keep readers engaged with suspenseful plots and twists.","Books"
"Biographies offer a glimpse into the lives of notable individuals.","Books"
"Fantasy books transport readers to magical realms and epic adventures.","Books"
"Reading poetry evokes emotions and conveys complex ideas in a concise form.","Books"
"Book clubs provide a space for discussion and sharing of diverse perspectives.","Books"
"Children's books nurture a love for reading and storytelling from a young age.","Books"
"Reading enhances vocabulary, critical thinking, and empathy skills.","Books"
"Authors use descriptive language to create vivid imagery and evoke emotions.","Books"
"Bookstores offer a wide selection of genres and titles for readers to explore.","Books"
"Digital books provide convenience and accessibility for reading on-the-go.","Books"
"Reading aloud to children promotes literacy and bonding between parents and kids.","Books"
"Listening to music is a popular way to relax and unwind after a long day.","Music"
"Concerts and music festivals offer live performances and entertainment.","Music"
"Music genres range from classical and jazz to pop, rock, and hip-hop.","Music"
"Musicians express emotions and creativity through lyrics and melodies.","Music"
"Learning to play a musical instrument requires practice and dedication.","Music"
"Music therapy can improve mental health and emotional well-being.","Music"
"Songwriting involves crafting lyrics and melodies to convey a message.","Music"
"Music producers oversee the recording and production of songs and albums.","Music"
"Jazz originated in African American communities in the early 20th century.","Music"
"Classical music compositions are known for their complexity and beauty.","Music"
"Classical music compositions are often performed by orchestras.","Music"
"Pop music is characterized by catchy melodies and upbeat rhythms.","Music"
"Electronic dance music (EDM) is popular in clubs and festivals.","Music"
"Rock music features electric guitars, drums, and powerful vocals.","Music"
"Listening to music can evoke memories and emotions tied to specific songs.","Music"
"Playing video games is a popular form of entertainment for all ages.","Gaming"
"Video game consoles offer immersive gaming experiences with high-quality graphics.","Gaming"
"Mobile gaming apps provide quick and accessible entertainment on-the-go.","Gaming"
"Online multiplayer games allow players to compete and collaborate with others.","Gaming"
"Esports competitions attract professional gamers and large audiences.","Gaming"
"Game developers create interactive worlds and engaging gameplay experiences.","Gaming"
"Virtual reality games offer immersive experiences in simulated environments.","Gaming"
"Game design involves storytelling, level design, and player engagement.","Gaming"
"Indie games showcase innovative ideas and creative gameplay mechanics.","Gaming"
"Game mods allow players to customize and enhance their gaming experience.","Gaming"
"Game soundtracks set the tone and atmosphere for different game levels.","Gaming"
"Game reviews provide insights and recommendations for players.","Gaming"
"Game developers often collaborate with artists, writers, and programmers.","Gaming"
"Climate change poses significant challenges to global ecosystems.","Environment"
"Renewable energy sources like solar and wind power are sustainable alternatives.","Environment"
"Deforestation threatens biodiversity and contributes to climate change.","Environment"
"Recycling helps conserve natural resources and reduce waste.","Environment"
"Plastic pollution in oceans harms marine life and ecosystems.","Environment"
"Conservation efforts aim to protect endangered species and habitats.","Environment"
"Sustainable agriculture practices promote soil health and biodiversity.","Environment"
"Urban planning influences air quality and access to green spaces.","Environment"
"Environmental activism raises awareness and promotes policy changes.","Environment"
"Wildlife reserves provide sanctuaries for rare and endangered species.","Environment"
"Education is a fundamental right and key to socio-economic development.","Education"
"STEM education focuses on science, technology, engineering, and mathematics.","Education"
"Early childhood education lays the foundation for lifelong learning.","Education"
"Online learning platforms offer flexibility and accessibility to students worldwide.","Education"
"Teachers play a crucial role in shaping students' academic and personal development.","Education"
"Vocational training prepares individuals for specific careers and industries.","Education"
"Higher education institutions offer diverse academic programs and research opportunities.","Education"
"Special education programs support students with learning disabilities.","Education"
"Education reforms aim to improve curriculum standards and student outcomes.","Education"
"Lifelong learning encourages continuous personal and professional development.","Education"
"Fashion trends change seasonally and vary across cultures.","Fashion"
"Sustainable fashion promotes ethical practices in clothing production","Fashion"
"Couture fashion involves high-end custom-made garments","Fashion"
"Streetwear blends casual and urban styles popular among youth","Fashion"
"Fashion designers showcase their collections during Fashion Week events","Fashion"
"Vintage clothing appeals to collectors and fashion enthusiasts","Fashion"
"Fashion magazines feature editorial spreads and style tips","Fashion"
"Accessories like handbags and jewelry complement outfits","Fashion"
"Fashion influencers on social media influence consumer trends and preferences","Fashion"
"Personal style reflects individual preferences and lifestyle choices","Fashion"
